Cryomodule,Cavity Number,Tune Config PV,Tune Config Value,Tune Config Valid,HW Mode PV,HW Mode Value,HW Mode Valid,Timestamp,Query Time
01,1,ACCL:L0B:0110:TUNE_CONFIG,0,True,ACCL:L0B:0110:HWMODE,0,True,2025-11-27 12:35:50.404836,2025-12-14 00:19:20.543959
01,2,ACCL:L0B:0120:TUNE_CONFIG,0,True,ACCL:L0B:0120:HWMODE,0,True,2025-11-27 12:36:18.847917,2025-12-14 00:19:20.543959
01,3,ACCL:L0B:0130:TUNE_CONFIG,0,True,ACCL:L0B:0130:HWMODE,0,True,2025-11-27 12:35:59.628327,2025-12-14 00:19:20.543959
01,4,ACCL:L0B:0140:TUNE_CONFIG,0,True,ACCL:L0B:0140:HWMODE,0,True,2025-11-27 12:35:50.780963,2025-12-14 00:19:20.543959
01,5,ACCL:L0B:0150:TUNE_CONFIG,0,True,ACCL:L0B:0150:HWMODE,0,True,2025-11-27 12:36:02.550970,2025-12-14 00:19:20.543959
01,6,ACCL:L0B:0160:TUNE_CONFIG,0,True,ACCL:L0B:0160:HWMODE,0,True,2025-11-27 12:36:22.615472,2025-12-14 00:19:20.543959
01,7,ACCL:L0B:0170:TUNE_CONFIG,0,True,ACCL:L0B:0170:HWMODE,0,True,2025-11-27 12:36:07.848673,2025-12-14 00:19:20.543959
01,8,ACCL:L0B:0180:TUNE_CONFIG,0,True,ACCL:L0B:0180:HWMODE,0,True,2025-11-27 12:36:22.818440,2025-12-14 00:19:20.543959
02,1,ACCL:L1B:0210:TUNE_CONFIG,0,True,ACCL:L1B:0210:HWMODE,0,True,2025-12-03 08:20:11.684336,2025-12-14 00:19:20.543959
02,2,ACCL:L1B:0220:TUNE_CONFIG,0,True,ACCL:L1B:0220:HWMODE,0,True,2025-12-03 08:19:42.295291,2025-12-14 00:19:20.543959
02,3,ACCL:L1B:0230:TUNE_CONFIG,0,True,ACCL:L1B:0230:HWMODE,0,True,2025-12-03 08:20:14.737708,2025-12-14 00:19:20.543959
02,4,ACCL:L1B:0240:TUNE_CONFIG,0,True,ACCL:L1B:0240:HWMODE,0,True,2025-12-03 08:19:42.379503,2025-12-14 00:19:20.543959
02,5,ACCL:L1B:0250:TUNE_CONFIG,0,True,ACCL:L1B:0250:HWMODE,0,True,2025-12-03 08:19:42.428748,2025-12-14 00:19:20.543959
02,6,ACCL:L1B:0260:TUNE_CONFIG,0,True,ACCL:L1B:0260:HWMODE,0,True,2025-12-12 12:18:14.841993,2025-12-14 00:19:20.543959
02,7,ACCL:L1B:0270:TUNE_CONFIG,0,True,ACCL:L1B:0270:HWMODE,0,True,2025-12-03 08:20:15.939206,2025-12-14 00:19:20.543959
02,8,ACCL:L1B:0280:TUNE_CONFIG,0,True,ACCL:L1B:0280:HWMODE,0,True,2025-12-03 08:20:16.066261,2025-12-14 00:19:20.543959
03,1,ACCL:L1B:0310:TUNE_CONFIG,0,True,ACCL:L1B:0310:HWMODE,0,True,2025-12-03 08:20:18.363174,2025-12-14 00:19:20.543959
03,2,ACCL:L1B:0320:TUNE_CONFIG,0,True,ACCL:L1B:0320:HWMODE,0,True,2025-12-03 08:19:29.414865,2025-12-14 00:19:20.543959
03,3,ACCL:L1B:0330:TUNE_CONFIG,0,True,ACCL:L1B:0330:HWMODE,0,True,2025-12-03 08:20:15.851136,2025-12-14 00:19:20.543959
03,4,ACCL:L1B:0340:TUNE_CONFIG,0,True,ACCL:L1B:0340:HWMODE,0,True,2025-12-03 08:19:47.524100,2025-12-14 00:19:20.543959
03,5,ACCL:L1B:0350:TUNE_CONFIG,0,True,ACCL:L1B:0350:HWMODE,0,True,2025-12-03 08:20:19.523927,2025-12-14 00:19:20.543959
03,6,ACCL:L1B:0360:TUNE_CONFIG,0,True,ACCL:L1B:0360:HWMODE,0,True,2025-12-03 08:20:16.466024,2025-12-14 00:19:20.543959
03,7,ACCL:L1B:0370:TUNE_CONFIG,0,True,ACCL:L1B:0370:HWMODE,0,True,2025-12-03 08:20:21.476275,2025-12-14 00:19:20.543959
03,8,ACCL:L1B:0380:TUNE_CONFIG,0,True,ACCL:L1B:0380:HWMODE,0,True,2025-12-03 08:34:58.534501,2025-12-14 00:19:20.543959
04,1,ACCL:L2B:0410:TUNE_CONFIG,0,True,ACCL:L2B:0410:HWMODE,0,True,2025-12-03 08:20:13.317921,2025-12-14 00:19:20.543959
04,2,ACCL:L2B:0420:TUNE_CONFIG,0,True,ACCL:L2B:0420:HWMODE,0,True,2025-12-03 08:19:42.218470,2025-12-14 00:19:20.543959
04,3,ACCL:L2B:0430:TUNE_CONFIG,0,True,ACCL:L2B:0430:HWMODE,0,True,2025-12-03 08:19:54.795805,2025-12-14 00:19:20.543959
04,4,ACCL:L2B:0440:TUNE_CONFIG,0,True,ACCL:L2B:0440:HWMODE,0,True,2025-12-03 08:20:22.352127,2025-12-14 00:19:20.543959
04,5,ACCL:L2B:0450:TUNE_CONFIG,0,True,ACCL:L2B:0450:HWMODE,0,True,2025-12-03 08:20:17.068362,2025-12-14 00:19:20.543959
04,6,ACCL:L2B:0460:TUNE_CONFIG,0,True,ACCL:L2B:0460:HWMODE,0,True,2025-12-03 08:19:44.188745,2025-12-14 00:19:20.543959
04,7,ACCL:L2B:0470:TUNE_CONFIG,1,True,ACCL:L2B:0470:HWMODE,2,True,2025-11-17 14:38:25.843717,2025-12-14 00:19:20.543959
04,8,ACCL:L2B:0480:TUNE_CONFIG,0,True,ACCL:L2B:0480:HWMODE,0,True,2025-12-03 08:20:09.430570,2025-12-14 00:19:20.543959
05,1,ACCL:L2B:0510:TUNE_CONFIG,3,True,ACCL:L2B:0510:HWMODE,2,True,2025-11-17 14:38:35.166028,2025-12-14 00:19:20.543959
05,2,ACCL:L2B:0520:TUNE_CONFIG,0,True,ACCL:L2B:0520:HWMODE,0,True,2025-12-03 08:19:55.778165,2025-12-14 00:19:20.543959
05,3,ACCL:L2B:0530:TUNE_CONFIG,0,True,ACCL:L2B:0530:HWMODE,0,True,2025-12-03 08:19:47.290730,2025-12-14 00:19:20.543959
05,4,ACCL:L2B:0540:TUNE_CONFIG,1,True,ACCL:L2B:0540:HWMODE,2,True,2025-11-17 14:38:35.166032,2025-12-14 00:19:20.543959
05,5,ACCL:L2B:0550:TUNE_CONFIG,0,True,ACCL:L2B:0550:HWMODE,0,True,2025-12-03 08:20:18.308548,2025-12-14 00:19:20.543959
05,6,ACCL:L2B:0560:TUNE_CONFIG,0,True,ACCL:L2B:0560:HWMODE,0,True,2025-12-03 08:20:35.593094,2025-12-14 00:19:20.543959
05,7,ACCL:L2B:0570:TUNE_CONFIG,0,True,ACCL:L2B:0570:HWMODE,0,True,2025-12-03 08:19:55.316872,2025-12-14 00:19:20.543959
05,8,ACCL:L2B:0580:TUNE_CONFIG,2,True,ACCL:L2B:0580:HWMODE,2,True,2025-12-04 11:32:39.221193,2025-12-14 00:19:20.543959
06,1,ACCL:L2B:0610:TUNE_CONFIG,0,True,ACCL:L2B:0610:HWMODE,0,True,2025-12-03 08:20:21.936726,2025-12-14 00:19:20.543959
06,2,ACCL:L2B:0620:TUNE_CONFIG,0,True,ACCL:L2B:0620:HWMODE,0,True,2025-12-03 08:19:45.102043,2025-12-14 00:19:20.543959
06,3,ACCL:L2B:0630:TUNE_CONFIG,0,True,ACCL:L2B:0630:HWMODE,0,True,2025-12-03 08:20:41.245708,2025-12-14 00:19:20.543959
06,4,ACCL:L2B:0640:TUNE_CONFIG,0,True,ACCL:L2B:0640:HWMODE,0,True,2025-12-03 08:32:48.069383,2025-12-14 00:19:20.543959
06,5,ACCL:L2B:0650:TUNE_CONFIG,0,True,ACCL:L2B:0650:HWMODE,0,True,2025-12-03 08:20:41.985653,2025-12-14 00:19:20.543959
06,6,ACCL:L2B:0660:TUNE_CONFIG,0,True,ACCL:L2B:0660:HWMODE,0,True,2025-12-03 08:20:09.546849,2025-12-14 00:19:20.543959
06,7,ACCL:L2B:0670:TUNE_CONFIG,0,True,ACCL:L2B:0670:HWMODE,0,True,2025-12-03 08:20:41.334950,2025-12-14 00:19:20.543959
06,8,ACCL:L2B:0680:TUNE_CONFIG,0,True,ACCL:L2B:0680:HWMODE,0,True,2025-12-03 08:20:10.730583,2025-12-14 00:19:20.543959
07,1,ACCL:L2B:0710:TUNE_CONFIG,0,True,ACCL:L2B:0710:HWMODE,0,True,2025-12-03 08:20:08.042123,2025-12-14 00:19:20.543959
07,2,ACCL:L2B:0720:TUNE_CONFIG,0,True,ACCL:L2B:0720:HWMODE,0,True,2025-12-03 08:20:44.014780,2025-12-14 00:19:20.543959
07,3,ACCL:L2B:0730:TUNE_CONFIG,0,True,ACCL:L2B:0730:HWMODE,0,True,2025-12-03 08:20:37.459770,2025-12-14 00:19:20.543959
07,4,ACCL:L2B:0740:TUNE_CONFIG,0,True,ACCL:L2B:0740:HWMODE,0,True,2025-12-03 08:20:14.347346,2025-12-14 00:19:20.543959
07,5,ACCL:L2B:0750:TUNE_CONFIG,0,True,ACCL:L2B:0750:HWMODE,0,True,2025-12-03 08:20:42.187777,2025-12-14 00:19:20.543959
07,6,ACCL:L2B:0760:TUNE_CONFIG,0,True,ACCL:L2B:0760:HWMODE,0,True,2025-12-03 08:20:12.334181,2025-12-14 00:19:20.543959
07,7,ACCL:L2B:0770:TUNE_CONFIG,0,True,ACCL:L2B:0770:HWMODE,0,True,2025-12-03 08:33:09.675720,2025-12-14 00:19:20.543959
07,8,ACCL:L2B:0780:TUNE_CONFIG,0,True,ACCL:L2B:0780:HWMODE,0,True,2025-12-03 08:20:41.785604,2025-12-14 00:19:20.543959
08,1,ACCL:L2B:0810:TUNE_CONFIG,0,True,ACCL:L2B:0810:HWMODE,0,True,2025-12-03 08:20:41.061478,2025-12-14 00:19:20.543959
08,2,ACCL:L2B:0820:TUNE_CONFIG,0,True,ACCL:L2B:0820:HWMODE,0,True,2025-12-03 08:20:12.690778,2025-12-14 00:19:20.543959
08,3,ACCL:L2B:0830:TUNE_CONFIG,0,True,ACCL:L2B:0830:HWMODE,0,True,2025-12-03 08:33:17.366473,2025-12-14 00:19:20.543959
08,4,ACCL:L2B:0840:TUNE_CONFIG,0,True,ACCL:L2B:0840:HWMODE,0,True,2025-12-03 08:20:41.379956,2025-12-14 00:19:20.543959
08,5,ACCL:L2B:0850:TUNE_CONFIG,0,True,ACCL:L2B:0850:HWMODE,0,True,2025-12-03 08:20:13.745722,2025-12-14 00:19:20.543959
08,6,ACCL:L2B:0860:TUNE_CONFIG,0,True,ACCL:L2B:0860:HWMODE,0,True,2025-12-03 08:20:40.029493,2025-12-14 00:19:20.543959
08,7,ACCL:L2B:0870:TUNE_CONFIG,0,True,ACCL:L2B:0870:HWMODE,0,True,2025-12-03 08:20:13.873077,2025-12-14 00:19:20.543959
08,8,ACCL:L2B:0880:TUNE_CONFIG,0,True,ACCL:L2B:0880:HWMODE,0,True,2025-12-03 08:20:20.894976,2025-12-14 00:19:20.543959
09,1,ACCL:L2B:0910:TUNE_CONFIG,0,True,ACCL:L2B:0910:HWMODE,0,True,2025-12-03 08:20:15.949242,2025-12-14 00:19:20.543959
09,2,ACCL:L2B:0920:TUNE_CONFIG,0,True,ACCL:L2B:0920:HWMODE,0,True,2025-12-03 08:20:41.785545,2025-12-14 00:19:20.543959
09,3,ACCL:L2B:0930:TUNE_CONFIG,0,True,ACCL:L2B:0930:HWMODE,0,True,2025-12-03 08:20:42.327639,2025-12-14 00:19:20.543959
09,4,ACCL:L2B:0940:TUNE_CONFIG,0,True,ACCL:L2B:0940:HWMODE,0,True,2025-12-03 08:20:10.499159,2025-12-14 00:19:20.543959
09,5,ACCL:L2B:0950:TUNE_CONFIG,0,True,ACCL:L2B:0950:HWMODE,0,True,2025-12-03 08:20:15.715562,2025-12-14 00:19:20.543959
09,6,ACCL:L2B:0960:TUNE_CONFIG,0,True,ACCL:L2B:0960:HWMODE,0,True,2025-12-03 08:20:40.224068,2025-12-14 00:19:20.543959
09,7,ACCL:L2B:0970:TUNE_CONFIG,0,True,ACCL:L2B:0970:HWMODE,0,True,2025-12-03 08:20:06.624218,2025-12-14 00:19:20.543959
09,8,ACCL:L2B:0980:TUNE_CONFIG,0,True,ACCL:L2B:0980:HWMODE,2,True,2025-12-03 08:20:41.036808,2025-12-14 00:19:20.543959
10,1,ACCL:L2B:1010:TUNE_CONFIG,0,True,ACCL:L2B:1010:HWMODE,0,True,2025-12-03 08:20:16.130341,2025-12-14 00:19:20.543959
10,2,ACCL:L2B:1020:TUNE_CONFIG,0,True,ACCL:L2B:1020:HWMODE,0,True,2025-12-03 08:20:11.981949,2025-12-14 00:19:20.543959
10,3,ACCL:L2B:1030:TUNE_CONFIG,0,True,ACCL:L2B:1030:HWMODE,0,True,2025-12-03 08:20:21.261985,2025-12-14 00:19:20.543959
10,4,ACCL:L2B:1040:TUNE_CONFIG,0,True,ACCL:L2B:1040:HWMODE,0,True,2025-12-03 08:20:16.022604,2025-12-14 00:19:20.543959
10,5,ACCL:L2B:1050:TUNE_CONFIG,0,True,ACCL:L2B:1050:HWMODE,0,True,2025-12-03 08:20:00.649391,2025-12-14 00:19:20.543959
10,6,ACCL:L2B:1060:TUNE_CONFIG,0,True,ACCL:L2B:1060:HWMODE,0,True,2025-12-03 08:20:40.955005,2025-12-14 00:19:20.543959
10,7,ACCL:L2B:1070:TUNE_CONFIG,0,True,ACCL:L2B:1070:HWMODE,0,True,2025-12-03 08:20:16.150899,2025-12-14 00:19:20.543959
10,8,ACCL:L2B:1080:TUNE_CONFIG,0,True,ACCL:L2B:1080:HWMODE,0,True,2025-12-03 08:20:21.842857,2025-12-14 00:19:20.543959
11,1,ACCL:L2B:1110:TUNE_CONFIG,0,True,ACCL:L2B:1110:HWMODE,0,True,2025-12-03 08:20:16.978888,2025-12-14 00:19:20.543959
11,2,ACCL:L2B:1120:TUNE_CONFIG,0,True,ACCL:L2B:1120:HWMODE,0,True,2025-12-03 08:20:17.192463,2025-12-14 00:19:20.543959
11,3,ACCL:L2B:1130:TUNE_CONFIG,0,True,ACCL:L2B:1130:HWMODE,0,True,2025-12-03 08:20:30.738469,2025-12-14 00:19:20.543959
11,4,ACCL:L2B:1140:TUNE_CONFIG,0,True,ACCL:L2B:1140:HWMODE,0,True,2025-12-03 08:20:43.418913,2025-12-14 00:19:20.543959
11,5,ACCL:L2B:1150:TUNE_CONFIG,0,True,ACCL:L2B:1150:HWMODE,0,True,2025-12-03 08:20:49.061311,2025-12-14 00:19:20.543959
11,6,ACCL:L2B:1160:TUNE_CONFIG,0,True,ACCL:L2B:1160:HWMODE,0,True,2025-12-03 08:20:37.745639,2025-12-14 00:19:20.543959
11,7,ACCL:L2B:1170:TUNE_CONFIG,0,True,ACCL:L2B:1170:HWMODE,0,True,2025-12-03 08:20:17.413164,2025-12-14 00:19:20.543959
11,8,ACCL:L2B:1180:TUNE_CONFIG,0,True,ACCL:L2B:1180:HWMODE,0,True,2025-12-03 08:20:40.209366,2025-12-14 00:19:20.543959
12,1,ACCL:L2B:1210:TUNE_CONFIG,0,True,ACCL:L2B:1210:HWMODE,0,True,2025-12-03 08:21:04.425464,2025-12-14 00:19:20.543959
12,2,ACCL:L2B:1220:TUNE_CONFIG,0,True,ACCL:L2B:1220:HWMODE,0,True,2025-12-03 08:20:26.776266,2025-12-14 00:19:20.543959
12,3,ACCL:L2B:1230:TUNE_CONFIG,0,True,ACCL:L2B:1230:HWMODE,0,True,2025-12-03 08:20:44.520928,2025-12-14 00:19:20.543959
12,4,ACCL:L2B:1240:TUNE_CONFIG,0,True,ACCL:L2B:1240:HWMODE,0,True,2025-12-03 08:20:30.086658,2025-12-14 00:19:20.543959
12,5,ACCL:L2B:1250:TUNE_CONFIG,0,True,ACCL:L2B:1250:HWMODE,0,True,2025-12-03 08:20:37.060375,2025-12-14 00:19:20.543959
12,6,ACCL:L2B:1260:TUNE_CONFIG,0,True,ACCL:L2B:1260:HWMODE,0,True,2025-12-03 08:20:44.808530,2025-12-14 00:19:20.543959
12,7,ACCL:L2B:1270:TUNE_CONFIG,0,True,ACCL:L2B:1270:HWMODE,0,True,2025-12-03 08:20:36.864630,2025-12-14 00:19:20.543959
12,8,ACCL:L2B:1280:TUNE_CONFIG,0,True,ACCL:L2B:1280:HWMODE,0,True,2025-12-03 08:20:46.941728,2025-12-14 00:19:20.543959
13,1,ACCL:L2B:1310:TUNE_CONFIG,0,True,ACCL:L2B:1310:HWMODE,0,True,2025-12-03 08:20:44.499583,2025-12-14 00:19:20.543959
13,2,ACCL:L2B:1320:TUNE_CONFIG,0,True,ACCL:L2B:1320:HWMODE,0,True,2025-12-03 08:20:33.377839,2025-12-14 00:19:20.543959
13,3,ACCL:L2B:1330:TUNE_CONFIG,0,True,ACCL:L2B:1330:HWMODE,0,True,2025-12-03 08:20:41.060392,2025-12-14 00:19:20.543959
13,4,ACCL:L2B:1340:TUNE_CONFIG,0,True,ACCL:L2B:1340:HWMODE,0,True,2025-12-03 08:20:41.601781,2025-12-14 00:19:20.543959
13,5,ACCL:L2B:1350:TUNE_CONFIG,0,True,ACCL:L2B:1350:HWMODE,0,True,2025-12-03 08:20:43.637915,2025-12-14 00:19:20.543959
13,6,ACCL:L2B:1360:TUNE_CONFIG,0,True,ACCL:L2B:1360:HWMODE,0,True,2025-12-03 08:20:38.523585,2025-12-14 00:19:20.543959
13,7,ACCL:L2B:1370:TUNE_CONFIG,0,True,ACCL:L2B:1370:HWMODE,0,True,2025-12-03 08:20:36.536060,2025-12-14 00:19:20.543959
13,8,ACCL:L2B:1380:TUNE_CONFIG,0,True,ACCL:L2B:1380:HWMODE,0,True,2025-12-03 08:20:34.655475,2025-12-14 00:19:20.543959
14,1,ACCL:L2B:1410:TUNE_CONFIG,0,True,ACCL:L2B:1410:HWMODE,0,True,2025-12-03 08:20:05.079455,2025-12-14 00:19:20.543959
14,2,ACCL:L2B:1420:TUNE_CONFIG,0,True,ACCL:L2B:1420:HWMODE,0,True,2025-12-03 08:20:34.584683,2025-12-14 00:19:20.543959
14,3,ACCL:L2B:1430:TUNE_CONFIG,0,True,ACCL:L2B:1430:HWMODE,0,True,2025-12-03 08:20:44.324093,2025-12-14 00:19:20.543959
14,4,ACCL:L2B:1440:TUNE_CONFIG,0,True,ACCL:L2B:1440:HWMODE,0,True,2025-12-03 08:20:42.266782,2025-12-14 00:19:20.543959
14,5,ACCL:L2B:1450:TUNE_CONFIG,0,True,ACCL:L2B:1450:HWMODE,0,True,2025-12-03 08:20:45.072332,2025-12-14 00:19:20.543959
14,6,ACCL:L2B:1460:TUNE_CONFIG,0,True,ACCL:L2B:1460:HWMODE,0,True,2025-12-03 08:20:39.077658,2025-12-14 00:19:20.543959
14,7,ACCL:L2B:1470:TUNE_CONFIG,0,True,ACCL:L2B:1470:HWMODE,0,True,2025-12-03 08:20:50.116438,2025-12-14 00:19:20.543959
14,8,ACCL:L2B:1480:TUNE_CONFIG,0,True,ACCL:L2B:1480:HWMODE,0,True,2025-12-03 08:20:37.862178,2025-12-14 00:19:20.543959
15,1,ACCL:L2B:1510:TUNE_CONFIG,0,True,ACCL:L2B:1510:HWMODE,0,True,2025-12-03 08:20:43.821783,2025-12-14 00:19:20.543959
15,2,ACCL:L2B:1520:TUNE_CONFIG,0,True,ACCL:L2B:1520:HWMODE,0,True,2025-12-03 08:33:55.343337,2025-12-14 00:19:20.543959
15,3,ACCL:L2B:1530:TUNE_CONFIG,0,True,ACCL:L2B:1530:HWMODE,0,True,2025-12-03 08:20:41.340997,2025-12-14 00:19:20.543959
15,4,ACCL:L2B:1540:TUNE_CONFIG,0,True,ACCL:L2B:1540:HWMODE,0,True,2025-12-03 08:20:41.362148,2025-12-14 00:19:20.543959
15,5,ACCL:L2B:1550:TUNE_CONFIG,0,True,ACCL:L2B:1550:HWMODE,0,True,2025-12-03 08:34:02.098445,2025-12-14 00:19:20.543959
15,6,ACCL:L2B:1560:TUNE_CONFIG,0,True,ACCL:L2B:1560:HWMODE,0,True,2025-12-03 08:20:41.921005,2025-12-14 00:19:20.543959
15,7,ACCL:L2B:1570:TUNE_CONFIG,0,True,ACCL:L2B:1570:HWMODE,0,True,2025-12-03 08:20:44.692797,2025-12-14 00:19:20.543959
15,8,ACCL:L2B:1580:TUNE_CONFIG,0,True,ACCL:L2B:1580:HWMODE,0,True,2025-12-03 08:34:37.394705,2025-12-14 00:19:20.543959
16,1,ACCL:L3B:1610:TUNE_CONFIG,0,True,ACCL:L3B:1610:HWMODE,0,True,2025-12-03 08:28:23.488185,2025-12-14 00:19:20.543959
16,2,ACCL:L3B:1620:TUNE_CONFIG,0,True,ACCL:L3B:1620:HWMODE,0,True,2025-12-03 08:20:50.039454,2025-12-14 00:19:20.543959
16,3,ACCL:L3B:1630:TUNE_CONFIG,0,True,ACCL:L3B:1630:HWMODE,0,True,2025-12-03 08:20:45.868309,2025-12-14 00:19:20.543959
16,4,ACCL:L3B:1640:TUNE_CONFIG,0,True,ACCL:L3B:1640:HWMODE,0,True,2025-12-03 08:29:23.242032,2025-12-14 00:19:20.543959
16,5,ACCL:L3B:1650:TUNE_CONFIG,0,True,ACCL:L3B:1650:HWMODE,0,True,2025-12-03 08:29:27.481182,2025-12-14 00:19:20.543959
16,6,ACCL:L3B:1660:TUNE_CONFIG,0,True,ACCL:L3B:1660:HWMODE,0,True,2025-12-03 08:20:46.749852,2025-12-14 00:19:20.543959
16,7,ACCL:L3B:1670:TUNE_CONFIG,0,True,ACCL:L3B:1670:HWMODE,0,True,2025-12-03 08:29:58.965604,2025-12-14 00:19:20.543959
16,8,ACCL:L3B:1680:TUNE_CONFIG,0,True,ACCL:L3B:1680:HWMODE,0,True,2025-12-03 08:30:16.320515,2025-12-14 00:19:20.543959
17,1,ACCL:L3B:1710:TUNE_CONFIG,0,True,ACCL:L3B:1710:HWMODE,0,True,2025-12-03 08:30:28.770924,2025-12-14 00:19:20.543959
17,2,ACCL:L3B:1720:TUNE_CONFIG,0,True,ACCL:L3B:1720:HWMODE,0,True,2025-12-03 08:20:51.613659,2025-12-14 00:19:20.543959
17,3,ACCL:L3B:1730:TUNE_CONFIG,0,True,ACCL:L3B:1730:HWMODE,0,True,2025-12-03 08:20:44.066040,2025-12-14 00:19:20.543959
17,4,ACCL:L3B:1740:TUNE_CONFIG,0,True,ACCL:L3B:1740:HWMODE,0,True,2025-12-03 08:20:47.416202,2025-12-14 00:19:20.543959
17,5,ACCL:L3B:1750:TUNE_CONFIG,0,True,ACCL:L3B:1750:HWMODE,0,True,2025-12-03 08:30:33.239734,2025-12-14 00:19:20.543959
17,6,ACCL:L3B:1760:TUNE_CONFIG,0,True,ACCL:L3B:1760:HWMODE,0,True,2025-12-03 08:20:43.068392,2025-12-14 00:19:20.543959
17,7,ACCL:L3B:1770:TUNE_CONFIG,0,True,ACCL:L3B:1770:HWMODE,0,True,2025-12-03 08:21:03.626088,2025-12-14 00:19:20.543959
17,8,ACCL:L3B:1780:TUNE_CONFIG,0,True,ACCL:L3B:1780:HWMODE,0,True,2025-12-03 08:20:42.603138,2025-12-14 00:19:20.543959
18,1,ACCL:L3B:1810:TUNE_CONFIG,0,True,ACCL:L3B:1810:HWMODE,0,True,2025-12-03 08:21:03.435010,2025-12-14 00:19:20.543959
18,2,ACCL:L3B:1820:TUNE_CONFIG,0,True,ACCL:L3B:1820:HWMODE,0,True,2025-12-03 08:20:46.150323,2025-12-14 00:19:20.543959
18,3,ACCL:L3B:1830:TUNE_CONFIG,0,True,ACCL:L3B:1830:HWMODE,0,True,2025-12-03 08:20:54.057913,2025-12-14 00:19:20.543959
18,4,ACCL:L3B:1840:TUNE_CONFIG,0,True,ACCL:L3B:1840:HWMODE,0,True,2025-12-03 08:30:42.060409,2025-12-14 00:19:20.543959
18,5,ACCL:L3B:1850:TUNE_CONFIG,0,True,ACCL:L3B:1850:HWMODE,0,True,2025-12-03 08:20:51.475259,2025-12-14 00:19:20.543959
18,6,ACCL:L3B:1860:TUNE_CONFIG,0,True,ACCL:L3B:1860:HWMODE,0,True,2025-12-03 08:30:27.656110,2025-12-14 00:19:20.543959
18,7,ACCL:L3B:1870:TUNE_CONFIG,0,True,ACCL:L3B:1870:HWMODE,0,True,2025-12-03 08:30:44.688240,2025-12-14 00:19:20.543959
18,8,ACCL:L3B:1880:TUNE_CONFIG,0,True,ACCL:L3B:1880:HWMODE,0,True,2025-12-03 08:30:25.412052,2025-12-14 00:19:20.543959
19,1,ACCL:L3B:1910:TUNE_CONFIG,0,True,ACCL:L3B:1910:HWMODE,0,True,2025-12-03 08:20:29.897118,2025-12-14 00:19:20.543959
19,2,ACCL:L3B:1920:TUNE_CONFIG,0,True,ACCL:L3B:1920:HWMODE,0,True,2025-12-03 08:20:34.634675,2025-12-14 00:19:20.543959
19,3,ACCL:L3B:1930:TUNE_CONFIG,0,True,ACCL:L3B:1930:HWMODE,0,True,2025-12-03 08:20:37.555183,2025-12-14 00:19:20.543959
19,4,ACCL:L3B:1940:TUNE_CONFIG,0,True,ACCL:L3B:1940:HWMODE,0,True,2025-12-03 08:20:38.778779,2025-12-14 00:19:20.543959
19,5,ACCL:L3B:1950:TUNE_CONFIG,0,True,ACCL:L3B:1950:HWMODE,0,True,2025-12-03 08:20:44.741369,2025-12-14 00:19:20.543959
19,6,ACCL:L3B:1960:TUNE_CONFIG,0,True,ACCL:L3B:1960:HWMODE,0,True,2025-12-03 08:20:46.749846,2025-12-14 00:19:20.543959
19,7,ACCL:L3B:1970:TUNE_CONFIG,0,True,ACCL:L3B:1970:HWMODE,0,True,2025-12-03 08:30:49.126335,2025-12-14 00:19:20.543959
19,8,ACCL:L3B:1980:TUNE_CONFIG,0,True,ACCL:L3B:1980:HWMODE,0,True,2025-12-03 08:20:27.776460,2025-12-14 00:19:20.543959
20,1,ACCL:L3B:2010:TUNE_CONFIG,0,True,ACCL:L3B:2010:HWMODE,0,True,2025-12-03 08:30:50.257316,2025-12-14 00:19:20.543959
20,2,ACCL:L3B:2020:TUNE_CONFIG,0,True,ACCL:L3B:2020:HWMODE,0,True,2025-12-03 08:20:47.501655,2025-12-14 00:19:20.543959
20,3,ACCL:L3B:2030:TUNE_CONFIG,0,True,ACCL:L3B:2030:HWMODE,0,True,2025-12-03 08:30:51.010960,2025-12-14 00:19:20.543959
20,4,ACCL:L3B:2040:TUNE_CONFIG,0,True,ACCL:L3B:2040:HWMODE,0,True,2025-12-09 13:21:05.845925,2025-12-14 00:19:20.543959
20,5,ACCL:L3B:2050:TUNE_CONFIG,0,True,ACCL:L3B:2050:HWMODE,0,True,2025-12-03 08:20:43.606722,2025-12-14 00:19:20.543959
20,6,ACCL:L3B:2060:TUNE_CONFIG,0,True,ACCL:L3B:2060:HWMODE,0,True,2025-12-03 08:30:51.818147,2025-12-14 00:19:20.543959
20,7,ACCL:L3B:2070:TUNE_CONFIG,0,True,ACCL:L3B:2070:HWMODE,0,True,2025-12-03 08:20:45.454618,2025-12-14 00:19:20.543959
20,8,ACCL:L3B:2080:TUNE_CONFIG,0,True,ACCL:L3B:2080:HWMODE,0,True,2025-12-03 08:20:45.845107,2025-12-14 00:19:20.543959
21,1,ACCL:L3B:2110:TUNE_CONFIG,0,True,ACCL:L3B:2110:HWMODE,0,True,2025-12-03 08:30:37.941929,2025-12-14 00:19:20.543959
21,2,ACCL:L3B:2120:TUNE_CONFIG,0,True,ACCL:L3B:2120:HWMODE,0,True,2025-12-03 08:20:39.365102,2025-12-14 00:19:20.543959
21,3,ACCL:L3B:2130:TUNE_CONFIG,0,True,ACCL:L3B:2130:HWMODE,0,True,2025-12-03 08:20:48.121208,2025-12-14 00:19:20.543959
21,4,ACCL:L3B:2140:TUNE_CONFIG,0,True,ACCL:L3B:2140:HWMODE,0,True,2025-12-03 08:35:11.637210,2025-12-14 00:19:20.543959
21,5,ACCL:L3B:2150:TUNE_CONFIG,0,True,ACCL:L3B:2150:HWMODE,0,True,2025-12-03 08:20:47.760542,2025-12-14 00:19:20.543959
21,6,ACCL:L3B:2160:TUNE_CONFIG,0,True,ACCL:L3B:2160:HWMODE,0,True,2025-12-03 08:30:57.551102,2025-12-14 00:19:20.543959
21,7,ACCL:L3B:2170:TUNE_CONFIG,0,True,ACCL:L3B:2170:HWMODE,0,True,2025-12-03 08:20:59.011554,2025-12-14 00:19:20.543959
21,8,ACCL:L3B:2180:TUNE_CONFIG,0,True,ACCL:L3B:2180:HWMODE,0,True,2025-12-03 08:30:57.154834,2025-12-14 00:19:20.543959
22,1,ACCL:L3B:2210:TUNE_CONFIG,0,True,ACCL:L3B:2210:HWMODE,0,True,2025-12-03 08:21:00.873752,2025-12-14 00:19:20.543959
22,2,ACCL:L3B:2220:TUNE_CONFIG,0,True,ACCL:L3B:2220:HWMODE,0,True,2025-12-03 08:20:52.750581,2025-12-14 00:19:20.543959
22,3,ACCL:L3B:2230:TUNE_CONFIG,0,True,ACCL:L3B:2230:HWMODE,0,True,2025-12-03 08:31:05.369583,2025-12-14 00:19:20.543959
22,4,ACCL:L3B:2240:TUNE_CONFIG,0,True,ACCL:L3B:2240:HWMODE,0,True,2025-12-03 08:20:49.503183,2025-12-14 00:19:20.543959
22,5,ACCL:L3B:2250:TUNE_CONFIG,0,True,ACCL:L3B:2250:HWMODE,0,True,2025-12-03 08:20:42.685883,2025-12-14 00:19:20.543959
22,6,ACCL:L3B:2260:TUNE_CONFIG,0,True,ACCL:L3B:2260:HWMODE,0,True,2025-12-03 08:31:09.368840,2025-12-14 00:19:20.543959
22,7,ACCL:L3B:2270:TUNE_CONFIG,0,True,ACCL:L3B:2270:HWMODE,0,True,2025-12-03 08:30:56.436564,2025-12-14 00:19:20.543959
22,8,ACCL:L3B:2280:TUNE_CONFIG,0,True,ACCL:L3B:2280:HWMODE,0,True,2025-12-03 08:20:53.750812,2025-12-14 00:19:20.543959
23,1,ACCL:L3B:2310:TUNE_CONFIG,0,True,ACCL:L3B:2310:HWMODE,0,True,2025-12-03 08:21:02.358125,2025-12-14 00:19:20.543959
23,2,ACCL:L3B:2320:TUNE_CONFIG,0,True,ACCL:L3B:2320:HWMODE,0,True,2025-12-03 08:31:42.759218,2025-12-14 00:19:20.543959
23,3,ACCL:L3B:2330:TUNE_CONFIG,0,True,ACCL:L3B:2330:HWMODE,0,True,2025-12-03 08:20:47.378417,2025-12-14 00:19:20.543959
23,4,ACCL:L3B:2340:TUNE_CONFIG,0,True,ACCL:L3B:2340:HWMODE,0,True,2025-12-03 08:20:46.467114,2025-12-14 00:19:20.543959
23,5,ACCL:L3B:2350:TUNE_CONFIG,0,True,ACCL:L3B:2350:HWMODE,0,True,2025-12-03 08:21:03.962979,2025-12-14 00:19:20.543959
23,6,ACCL:L3B:2360:TUNE_CONFIG,0,True,ACCL:L3B:2360:HWMODE,0,True,2025-12-03 08:20:54.535887,2025-12-14 00:19:20.543959
23,7,ACCL:L3B:2370:TUNE_CONFIG,0,True,ACCL:L3B:2370:HWMODE,0,True,2025-12-03 08:20:41.963675,2025-12-14 00:19:20.543959
23,8,ACCL:L3B:2380:TUNE_CONFIG,1,True,ACCL:L3B:2380:HWMODE,2,True,2025-11-17 14:46:15.195392,2025-12-14 00:19:20.543959
24,1,ACCL:L3B:2410:TUNE_CONFIG,0,True,ACCL:L3B:2410:HWMODE,0,True,2025-12-03 08:20:44.412476,2025-12-14 00:19:20.543959
24,2,ACCL:L3B:2420:TUNE_CONFIG,0,True,ACCL:L3B:2420:HWMODE,0,True,2025-12-03 08:31:43.930296,2025-12-14 00:19:20.543959
24,3,ACCL:L3B:2430:TUNE_CONFIG,0,True,ACCL:L3B:2430:HWMODE,0,True,2025-12-03 08:31:35.800779,2025-12-14 00:19:20.543959
24,4,ACCL:L3B:2440:TUNE_CONFIG,0,True,ACCL:L3B:2440:HWMODE,0,True,2025-12-03 08:20:59.714876,2025-12-14 00:19:20.543959
24,5,ACCL:L3B:2450:TUNE_CONFIG,0,True,ACCL:L3B:2450:HWMODE,0,True,2025-12-03 08:31:39.660984,2025-12-14 00:19:20.543959
24,6,ACCL:L3B:2460:TUNE_CONFIG,0,True,ACCL:L3B:2460:HWMODE,0,True,2025-12-03 08:20:50.302682,2025-12-14 00:19:20.543959
24,7,ACCL:L3B:2470:TUNE_CONFIG,0,True,ACCL:L3B:2470:HWMODE,0,True,2025-12-03 08:31:58.401897,2025-12-14 00:19:20.543959
24,8,ACCL:L3B:2480:TUNE_CONFIG,0,True,ACCL:L3B:2480:HWMODE,0,True,2025-12-03 08:21:06.301907,2025-12-14 00:19:20.543959
25,1,ACCL:L3B:2510:TUNE_CONFIG,0,True,ACCL:L3B:2510:HWMODE,0,True,2025-12-03 08:20:45.725627,2025-12-14 00:19:20.543959
25,2,ACCL:L3B:2520:TUNE_CONFIG,3,True,ACCL:L3B:2520:HWMODE,2,True,2025-11-17 14:31:27.417009,2025-12-14 00:19:20.543959
25,3,ACCL:L3B:2530:TUNE_CONFIG,0,True,ACCL:L3B:2530:HWMODE,0,True,2025-12-03 08:21:00.595020,2025-12-14 00:19:20.543959
25,4,ACCL:L3B:2540:TUNE_CONFIG,0,True,ACCL:L3B:2540:HWMODE,0,True,2025-12-03 08:20:41.021989,2025-12-14 00:19:20.543959
25,5,ACCL:L3B:2550:TUNE_CONFIG,0,True,ACCL:L3B:2550:HWMODE,0,True,2025-12-03 08:20:41.225382,2025-12-14 00:19:20.543959
25,6,ACCL:L3B:2560:TUNE_CONFIG,0,True,ACCL:L3B:2560:HWMODE,2,True,2025-11-17 14:31:27.417014,2025-12-14 00:19:20.543959
25,7,ACCL:L3B:2570:TUNE_CONFIG,0,True,ACCL:L3B:2570:HWMODE,0,True,2025-12-03 08:21:00.915425,2025-12-14 00:19:20.543959
25,8,ACCL:L3B:2580:TUNE_CONFIG,0,True,ACCL:L3B:2580:HWMODE,0,True,2025-12-03 08:20:40.852556,2025-12-14 00:19:20.543959
26,1,ACCL:L3B:2610:TUNE_CONFIG,0,True,ACCL:L3B:2610:HWMODE,0,True,2025-12-05 04:50:32.255804,2025-12-14 00:19:20.543959
26,2,ACCL:L3B:2620:TUNE_CONFIG,0,True,ACCL:L3B:2620:HWMODE,0,True,2025-12-05 04:50:28.300400,2025-12-14 00:19:20.543959
26,3,ACCL:L3B:2630:TUNE_CONFIG,0,True,ACCL:L3B:2630:HWMODE,0,True,2025-12-03 08:21:01.719547,2025-12-14 00:19:20.543959
26,4,ACCL:L3B:2640:TUNE_CONFIG,0,True,ACCL:L3B:2640:HWMODE,0,True,2025-12-03 08:20:24.744237,2025-12-14 00:19:20.543959
26,5,ACCL:L3B:2650:TUNE_CONFIG,0,True,ACCL:L3B:2650:HWMODE,0,True,2025-12-03 08:21:00.033549,2025-12-14 00:19:20.543959
26,6,ACCL:L3B:2660:TUNE_CONFIG,0,True,ACCL:L3B:2660:HWMODE,0,True,2025-12-03 08:20:39.995960,2025-12-14 00:19:20.543959
26,7,ACCL:L3B:2670:TUNE_CONFIG,0,True,ACCL:L3B:2670:HWMODE,0,True,2025-12-03 08:21:00.845749,2025-12-14 00:19:20.543959
26,8,ACCL:L3B:2680:TUNE_CONFIG,1,True,ACCL:L3B:2680:HWMODE,2,True,2025-11-17 14:31:23.140854,2025-12-14 00:19:20.543959
27,1,ACCL:L3B:2710:TUNE_CONFIG,0,True,ACCL:L3B:2710:HWMODE,0,True,2025-12-03 08:20:41.218866,2025-12-14 00:19:20.543959
27,2,ACCL:L3B:2720:TUNE_CONFIG,0,True,ACCL:L3B:2720:HWMODE,0,True,2025-12-03 08:20:57.617113,2025-12-14 00:19:20.543959
27,3,ACCL:L3B:2730:TUNE_CONFIG,0,True,ACCL:L3B:2730:HWMODE,0,True,2025-12-03 08:20:40.924095,2025-12-14 00:19:20.543959
27,4,ACCL:L3B:2740:TUNE_CONFIG,0,True,ACCL:L3B:2740:HWMODE,0,True,2025-12-03 08:20:57.945838,2025-12-14 00:19:20.543959
27,5,ACCL:L3B:2750:TUNE_CONFIG,0,True,ACCL:L3B:2750:HWMODE,0,True,2025-12-03 08:20:41.137465,2025-12-14 00:19:20.543959
27,6,ACCL:L3B:2760:TUNE_CONFIG,0,True,ACCL:L3B:2760:HWMODE,0,True,2025-12-03 08:20:59.283349,2025-12-14 00:19:20.543959
27,7,ACCL:L3B:2770:TUNE_CONFIG,0,True,ACCL:L3B:2770:HWMODE,0,True,2025-12-03 08:20:58.630246,2025-12-14 00:19:20.543959
27,8,ACCL:L3B:2780:TUNE_CONFIG,0,True,ACCL:L3B:2780:HWMODE,0,True,2025-12-03 08:20:41.250526,2025-12-14 00:19:20.543959
28,1,ACCL:L3B:2810:TUNE_CONFIG,1,True,ACCL:L3B:2810:HWMODE,2,True,2025-11-17 14:31:12.198390,2025-12-14 00:19:20.543959
28,2,ACCL:L3B:2820:TUNE_CONFIG,0,True,ACCL:L3B:2820:HWMODE,0,True,2025-12-03 08:20:41.331371,2025-12-14 00:19:20.543959
28,3,ACCL:L3B:2830:TUNE_CONFIG,0,True,ACCL:L3B:2830:HWMODE,0,True,2025-12-03 08:20:54.796226,2025-12-14 00:19:20.543959
28,4,ACCL:L3B:2840:TUNE_CONFIG,0,True,ACCL:L3B:2840:HWMODE,0,True,2025-12-03 08:20:41.896254,2025-12-14 00:19:20.543959
28,5,ACCL:L3B:2850:TUNE_CONFIG,0,True,ACCL:L3B:2850:HWMODE,0,True,2025-12-03 08:20:35.329611,2025-12-14 00:19:20.543959
28,6,ACCL:L3B:2860:TUNE_CONFIG,0,True,ACCL:L3B:2860:HWMODE,0,True,2025-12-03 08:21:03.691799,2025-12-14 00:19:20.543959
28,7,ACCL:L3B:2870:TUNE_CONFIG,0,True,ACCL:L3B:2870:HWMODE,0,True,2025-12-03 08:20:41.039689,2025-12-14 00:19:20.543959
28,8,ACCL:L3B:2880:TUNE_CONFIG,0,True,ACCL:L3B:2880:HWMODE,0,True,2025-12-03 08:21:03.841503,2025-12-14 00:19:20.543959
29,1,ACCL:L3B:2910:TUNE_CONFIG,0,True,ACCL:L3B:2910:HWMODE,0,True,2025-12-03 08:32:27.783600,2025-12-14 00:19:20.543959
29,2,ACCL:L3B:2920:TUNE_CONFIG,0,True,ACCL:L3B:2920:HWMODE,0,True,2025-12-03 08:20:46.709954,2025-12-14 00:19:20.543959
29,3,ACCL:L3B:2930:TUNE_CONFIG,0,True,ACCL:L3B:2930:HWMODE,0,True,2025-12-03 08:32:14.313454,2025-12-14 00:19:20.543959
29,4,ACCL:L3B:2940:TUNE_CONFIG,0,True,ACCL:L3B:2940:HWMODE,0,True,2025-12-03 08:21:02.169299,2025-12-14 00:19:20.543959
29,5,ACCL:L3B:2950:TUNE_CONFIG,0,True,ACCL:L3B:2950:HWMODE,0,True,2025-12-03 08:32:20.466699,2025-12-14 00:19:20.543959
29,6,ACCL:L3B:2960:TUNE_CONFIG,0,True,ACCL:L3B:2960:HWMODE,0,True,2025-12-03 08:21:07.221053,2025-12-14 00:19:20.543959
29,7,ACCL:L3B:2970:TUNE_CONFIG,0,True,ACCL:L3B:2970:HWMODE,0,True,2025-12-03 08:20:59.158661,2025-12-14 00:19:20.543959
29,8,ACCL:L3B:2980:TUNE_CONFIG,0,True,ACCL:L3B:2980:HWMODE,0,True,2025-12-03 08:20:58.470067,2025-12-14 00:19:20.543959
30,1,ACCL:L3B:3010:TUNE_CONFIG,0,True,ACCL:L3B:3010:HWMODE,0,True,2025-12-03 08:20:38.897475,2025-12-14 00:19:20.543959
30,2,ACCL:L3B:3020:TUNE_CONFIG,0,True,ACCL:L3B:3020:HWMODE,0,True,2025-12-03 08:20:36.557044,2025-12-14 00:19:20.543959
30,3,ACCL:L3B:3030:TUNE_CONFIG,0,True,ACCL:L3B:3030:HWMODE,0,True,2025-12-03 08:20:52.558888,2025-12-14 00:19:20.543959
30,4,ACCL:L3B:3040:TUNE_CONFIG,0,True,ACCL:L3B:3040:HWMODE,0,True,2025-12-03 08:20:59.597120,2025-12-14 00:19:20.543959
30,5,ACCL:L3B:3050:TUNE_CONFIG,0,True,ACCL:L3B:3050:HWMODE,0,True,2025-12-03 08:20:41.390874,2025-12-14 00:19:20.543959
30,6,ACCL:L3B:3060:TUNE_CONFIG,0,True,ACCL:L3B:3060:HWMODE,0,True,2025-12-03 08:20:53.534176,2025-12-14 00:19:20.543959
30,7,ACCL:L3B:3070:TUNE_CONFIG,0,True,ACCL:L3B:3070:HWMODE,0,True,2025-12-03 08:20:37.886651,2025-12-14 00:19:20.543959
30,8,ACCL:L3B:3080:TUNE_CONFIG,0,True,ACCL:L3B:3080:HWMODE,0,True,2025-12-03 08:20:58.759421,2025-12-14 00:19:20.543959
31,1,ACCL:L3B:3110:TUNE_CONFIG,0,True,ACCL:L3B:3110:HWMODE,0,True,2025-12-03 08:20:35.215328,2025-12-14 00:19:20.543959
31,2,ACCL:L3B:3120:TUNE_CONFIG,0,True,ACCL:L3B:3120:HWMODE,0,True,2025-12-03 08:20:55.168448,2025-12-14 00:19:20.543959
31,3,ACCL:L3B:3130:TUNE_CONFIG,0,True,ACCL:L3B:3130:HWMODE,0,True,2025-12-03 08:20:41.947114,2025-12-14 00:19:20.543959
31,4,ACCL:L3B:3140:TUNE_CONFIG,0,True,ACCL:L3B:3140:HWMODE,0,True,2025-12-03 08:20:58.836456,2025-12-14 00:19:20.543959
31,5,ACCL:L3B:3150:TUNE_CONFIG,0,True,ACCL:L3B:3150:HWMODE,0,True,2025-12-03 08:20:55.559426,2025-12-14 00:19:20.543959
31,6,ACCL:L3B:3160:TUNE_CONFIG,0,True,ACCL:L3B:3160:HWMODE,0,True,2025-12-03 08:20:41.568155,2025-12-14 00:19:20.543959
31,7,ACCL:L3B:3170:TUNE_CONFIG,0,True,ACCL:L3B:3170:HWMODE,0,True,2025-12-03 08:20:41.565591,2025-12-14 00:19:20.543959
31,8,ACCL:L3B:3180:TUNE_CONFIG,0,True,ACCL:L3B:3180:HWMODE,2,True,2025-11-17 14:31:08.393737,2025-12-14 00:19:20.543959
32,1,ACCL:L3B:3210:TUNE_CONFIG,0,True,ACCL:L3B:3210:HWMODE,0,True,2025-12-03 08:20:46.234282,2025-12-14 00:19:20.543959
32,2,ACCL:L3B:3220:TUNE_CONFIG,0,True,ACCL:L3B:3220:HWMODE,0,True,2025-12-03 08:21:05.138022,2025-12-14 00:19:20.543959
32,3,ACCL:L3B:3230:TUNE_CONFIG,0,True,ACCL:L3B:3230:HWMODE,0,True,2025-12-03 08:21:01.593243,2025-12-14 00:19:20.543959
32,4,ACCL:L3B:3240:TUNE_CONFIG,0,True,ACCL:L3B:3240:HWMODE,0,True,2025-12-10 06:45:13.889482,2025-12-14 00:19:20.543959
32,5,ACCL:L3B:3250:TUNE_CONFIG,0,True,ACCL:L3B:3250:HWMODE,0,True,2025-12-03 08:20:26.636169,2025-12-14 00:19:20.543959
32,6,ACCL:L3B:3260:TUNE_CONFIG,0,True,ACCL:L3B:3260:HWMODE,0,True,2025-12-03 08:21:04.254698,2025-12-14 00:19:20.543959
32,7,ACCL:L3B:3270:TUNE_CONFIG,0,True,ACCL:L3B:3270:HWMODE,0,True,2025-12-03 08:20:46.396486,2025-12-14 00:19:20.543959
32,8,ACCL:L3B:3280:TUNE_CONFIG,1,True,ACCL:L3B:3280:HWMODE,2,True,2025-11-17 14:31:14.282381,2025-12-14 00:19:20.543959
33,1,ACCL:L3B:3310:TUNE_CONFIG,0,True,ACCL:L3B:3310:HWMODE,0,True,2025-12-03 08:20:41.548272,2025-12-14 00:19:20.543959
33,2,ACCL:L3B:3320:TUNE_CONFIG,0,True,ACCL:L3B:3320:HWMODE,0,True,2025-12-03 08:21:04.346717,2025-12-14 00:19:20.543959
33,3,ACCL:L3B:3330:TUNE_CONFIG,1,True,ACCL:L3B:3330:HWMODE,2,True,2025-12-03 10:21:40.049591,2025-12-14 00:19:20.543959
33,4,ACCL:L3B:3340:TUNE_CONFIG,0,True,ACCL:L3B:3340:HWMODE,0,True,2025-12-03 08:20:47.219407,2025-12-14 00:19:20.543959
33,5,ACCL:L3B:3350:TUNE_CONFIG,1,True,ACCL:L3B:3350:HWMODE,2,True,2025-11-17 14:30:40.707384,2025-12-14 00:19:20.543959
33,6,ACCL:L3B:3360:TUNE_CONFIG,1,True,ACCL:L3B:3360:HWMODE,2,True,2025-11-17 14:30:40.707386,2025-12-14 00:19:20.543959
33,7,ACCL:L3B:3370:TUNE_CONFIG,1,True,ACCL:L3B:3370:HWMODE,2,True,2025-11-17 14:30:40.707387,2025-12-14 00:19:20.543959
33,8,ACCL:L3B:3380:TUNE_CONFIG,1,True,ACCL:L3B:3380:HWMODE,2,True,2025-12-03 10:09:23.905730,2025-12-14 00:19:20.543959
34,1,ACCL:L3B:3410:TUNE_CONFIG,0,True,ACCL:L3B:3410:HWMODE,0,True,2025-12-03 08:20:41.779519,2025-12-14 00:19:20.543959
34,2,ACCL:L3B:3420:TUNE_CONFIG,0,True,ACCL:L3B:3420:HWMODE,0,True,2025-12-03 08:20:33.999797,2025-12-14 00:19:20.543959
34,3,ACCL:L3B:3430:TUNE_CONFIG,0,True,ACCL:L3B:3430:HWMODE,0,True,2025-12-03 08:20:38.896577,2025-12-14 00:19:20.543959
34,4,ACCL:L3B:3440:TUNE_CONFIG,0,True,ACCL:L3B:3440:HWMODE,0,True,2025-12-03 08:20:56.990287,2025-12-14 00:19:20.543959
34,5,ACCL:L3B:3450:TUNE_CONFIG,0,True,ACCL:L3B:3450:HWMODE,0,True,2025-12-03 08:20:57.720759,2025-12-14 00:19:20.543959
34,6,ACCL:L3B:3460:TUNE_CONFIG,0,True,ACCL:L3B:3460:HWMODE,0,True,2025-12-08 07:56:23.691197,2025-12-14 00:19:20.543959
34,7,ACCL:L3B:3470:TUNE_CONFIG,0,True,ACCL:L3B:3470:HWMODE,0,True,2025-12-08 23:14:32.086101,2025-12-14 00:19:20.543959
34,8,ACCL:L3B:3480:TUNE_CONFIG,0,True,ACCL:L3B:3480:HWMODE,0,True,2025-12-08 23:15:35.266726,2025-12-14 00:19:20.543959
35,1,ACCL:L3B:3510:TUNE_CONFIG,0,True,ACCL:L3B:3510:HWMODE,0,True,2025-12-07 23:19:59.387596,2025-12-14 00:19:20.543959
35,2,ACCL:L3B:3520:TUNE_CONFIG,0,True,ACCL:L3B:3520:HWMODE,0,True,2025-12-03 08:21:12.514963,2025-12-14 00:19:20.543959
35,3,ACCL:L3B:3530:TUNE_CONFIG,0,True,ACCL:L3B:3530:HWMODE,0,True,2025-12-03 10:52:19.265502,2025-12-14 00:19:20.543959
35,4,ACCL:L3B:3540:TUNE_CONFIG,0,True,ACCL:L3B:3540:HWMODE,0,True,2025-12-03 08:21:21.312583,2025-12-14 00:19:20.543959
35,5,ACCL:L3B:3550:TUNE_CONFIG,0,True,ACCL:L3B:3550:HWMODE,0,True,2025-12-05 04:45:51.527252,2025-12-14 00:19:20.543959
35,6,ACCL:L3B:3560:TUNE_CONFIG,0,True,ACCL:L3B:3560:HWMODE,0,True,2025-12-05 04:45:56.870453,2025-12-14 00:19:20.543959
35,7,ACCL:L3B:3570:TUNE_CONFIG,3,True,ACCL:L3B:3570:HWMODE,2,True,2025-11-17 14:05:01.853607,2025-12-14 00:19:20.543959
35,8,ACCL:L3B:3580:TUNE_CONFIG,0,True,ACCL:L3B:3580:HWMODE,0,True,2025-12-03 08:20:59.525251,2025-12-14 00:19:20.543959
H1,1,ACCL:L1B:H110:TUNE_CONFIG,0,True,ACCL:L1B:H110:HWMODE,0,True,2025-12-03 08:19:24.417927,2025-12-14 00:19:20.543959
H1,2,ACCL:L1B:H120:TUNE_CONFIG,0,True,ACCL:L1B:H120:HWMODE,0,True,2025-12-03 08:19:22.366425,2025-12-14 00:19:20.543959
H1,3,ACCL:L1B:H130:TUNE_CONFIG,2,True,ACCL:L1B:H130:HWMODE,2,True,2025-12-04 11:12:21.012026,2025-12-14 00:19:20.543959
H1,4,ACCL:L1B:H140:TUNE_CONFIG,2,True,ACCL:L1B:H140:HWMODE,2,True,2025-12-04 11:11:51.628836,2025-12-14 00:19:20.543959
H1,5,ACCL:L1B:H150:TUNE_CONFIG,0,True,ACCL:L1B:H150:HWMODE,0,True,2025-12-03 08:19:25.721382,2025-12-14 00:19:20.543959
H1,6,ACCL:L1B:H160:TUNE_CONFIG,0,True,ACCL:L1B:H160:HWMODE,0,True,2025-12-03 08:20:03.420307,2025-12-14 00:19:20.543959
H1,7,ACCL:L1B:H170:TUNE_CONFIG,0,True,ACCL:L1B:H170:HWMODE,0,True,2025-12-03 10:31:11.327563,2025-12-14 00:19:20.543959
H1,8,ACCL:L1B:H180:TUNE_CONFIG,0,True,ACCL:L1B:H180:HWMODE,0,True,2025-11-27 09:27:34.602067,2025-12-14 00:19:20.543959
H2,1,ACCL:L1B:H210:TUNE_CONFIG,0,True,ACCL:L1B:H210:HWMODE,0,True,2025-12-05 03:44:20.453876,2025-12-14 00:19:20.543959
H2,2,ACCL:L1B:H220:TUNE_CONFIG,0,True,ACCL:L1B:H220:HWMODE,0,True,2025-12-05 11:37:00.999647,2025-12-14 00:19:20.543959
H2,3,ACCL:L1B:H230:TUNE_CONFIG,2,True,ACCL:L1B:H230:HWMODE,1,True,2025-11-21 15:36:11.942666,2025-12-14 00:19:20.543959
H2,4,ACCL:L1B:H240:TUNE_CONFIG,0,True,ACCL:L1B:H240:HWMODE,0,True,2025-12-05 11:34:31.238335,2025-12-14 00:19:20.543959
H2,5,ACCL:L1B:H250:TUNE_CONFIG,0,True,ACCL:L1B:H250:HWMODE,0,True,2025-12-03 08:19:24.433978,2025-12-14 00:19:20.543959
H2,6,ACCL:L1B:H260:TUNE_CONFIG,0,True,ACCL:L1B:H260:HWMODE,0,True,2025-12-10 16:56:58.150271,2025-12-14 00:19:20.543959
H2,7,ACCL:L1B:H270:TUNE_CONFIG,0,True,ACCL:L1B:H270:HWMODE,0,True,2025-12-05 04:00:24.879238,2025-12-14 00:19:20.543959
H2,8,ACCL:L1B:H280:TUNE_CONFIG,0,True,ACCL:L1B:H280:HWMODE,0,True,2025-12-05 03:55:44.519836,2025-12-14 00:19:20.543959
